acc_ID,Species_Name
acc1,GCA.001443365.1
acc2,GCF.000195975.1
acc3,GCA.007116075.1
acc4,GCF.000184705.1
acc5,GCA.002746235.1
acc6,GCA.002778785.1
acc7,GCA.002717465.1
acc8,GCA.002296285.1
acc9,GCF.001458775.1
acc10,GCA.000961655.1
acc11,GCA.003164925.1
acc12,GCA.002695035.1
acc13,GCA.002320815.1
acc14,GCA.002719675.1
acc15,GCA.001595385.3
acc16,GCA.002897675.1
acc17,GCA.002753335.1
acc18,GCA.002448475.1
acc19,GCA.003851245.1
acc20,GCA.002711005.1
acc21,GCA.001914695.1
acc22,GCA.004292595.1
acc23,GCF.000152965.1
acc24,GCA.003228195.2
acc25,GCA.002724635.1
acc26,GCA.002683825.1
acc27,GCF.000092205.1
acc28,GCA.004211905.1
acc29,GCF.000024885.1
acc30,GCA.002420425.1
acc31,GCA.003278095.1
acc32,GCA.003170595.1
acc33,GCA.003056285.1
acc34,GCF.001017655.1
acc35,GCA.002500505.1
acc36,GCF.000196275.1
acc37,GCA.002377645.1
acc38,GCA.002898575.1
acc39,GCF.000392875.1
acc40,GCA.002407045.1
acc41,GCA.002715505.1
acc42,GCA.002500605.1
acc43,GCA.002503845.1
acc44,GCF.003333315.1
acc45,GCA.001771545.1
acc46,GCA.005877075.1
acc47,GCA.002709955.1
acc48,GCA.001189155.1
acc49,GCA.002431715.1
acc50,GCA.003219345.1
acc51,GCA.002690655.1
acc52,GCA.013330055.1
acc53,GCA.001803635.1
acc54,GCF.000423905.1
acc55,GCF.000953715.1
acc56,GCA.002101225.1
acc57,GCF.001660485.1
acc58,GCA.003695005.1
acc59,GCA.004356105.1
acc60,GCF.003285105.1
acc61,GCA.002938255.1
acc62,GCA.002747975.1
acc63,GCA.002483345.1
acc64,GCA.003249035.1
acc65,GCF.000196815.1
acc66,GCF.000744415.1
acc67,GCA.003696625.1
acc68,GCA.003598135.1
acc69,GCA.003229375.1
acc70,GCA.001316325.1
acc71,GCF.000014585.1
acc72,GCA.001829125.1
acc73,GCA.001874005.1
acc74,GCF.000949295.1
acc75,GCF.000378205.1
acc76,GCF.002973605.1
acc77,GCF.900142125.1
acc78,GCA.003248505.1
acc79,GCA.004195025.1
acc80,GCA.002705575.1
acc81,GCF.000504085.1
acc82,GCA.003504275.1
acc83,GCA.003522725.1
acc84,GCA.002411145.1
acc85,GCF.900187115.1
acc86,GCA.001804285.1
acc87,GCA.004212095.1
acc88,GCA.002791545.1
acc89,GCA.002898555.1
acc90,GCA.002495315.1
acc91,GCA.900248165.1
acc92,GCA.002387605.1
acc93,GCA.002329125.1
acc94,GCA.001007665.1
acc95,GCA.003538775.1
acc96,GCA.002753225.1
acc97,GCF.004364935.1
acc98,GCF.000007125.1
acc99,GCA.002863065.1
acc100,GCA.002418265.1
acc101,GCA.001800285.1
acc102,GCA.000531125.1
acc103,GCA.001940665.1
acc104,GCF.002208115.1
acc105,GCA.002082305.1
acc106,GCF.000170875.1
acc107,GCF.000828575.1
acc108,GCA.004524545.1
acc109,GCF.900175965.1
acc110,GCF.000190435.1
acc111,GCA.900319235.1
acc112,GCA.004212075.1
acc113,GCF.000956175.1
acc114,GCA.002307725.1
acc115,GCF.000025885.1
acc116,GCA.002748355.1
acc117,GCA.002348585.1
acc118,GCA.002499195.1
acc119,GCF.000092185.1
acc120,GCA.002393195.1
acc121,GCF.003011885.1
acc122,GCA.001829185.1
acc123,GCA.003649495.1
acc124,GCF.003665155.1
acc125,GCA.002389385.1
acc126,GCA.004299485.1
acc127,GCA.002499525.1
acc128,GCA.002726945.1
acc129,GCA.003645805.1
acc130,GCF.000332035.1
acc131,GCA.002721815.1
acc132,GCA.900551585.1
acc133,GCA.001796335.1
acc134,GCF.000798955.1
acc135,GCF.003460745.1
acc136,GCA.003220315.1
acc137,GCA.900177045.1
acc138,GCA.002787095.1
acc139,GCF.000517565.1
acc140,GCA.003158455.1
acc141,GCF.900176435.1
acc142,GCA.003250975.1
acc143,GCA.001872605.1
acc144,GCA.004297265.1
acc145,GCA.002897915.1
acc146,GCA.002501105.1
acc147,GCF.000195295.1
acc148,GCF.000020785.1
acc149,GCF.005887615.1
acc150,GCA.003644445.1
acc151,GCF.001611675.1
acc152,GCA.002715965.1
acc153,GCA.002352645.1
acc154,GCA.002499005.1
acc155,GCA.000270325.1
acc156,GCF.000011205.1
acc157,GCF.001558495.2
acc158,GCA.001797335.1
acc159,GCF.000511875.1
acc160,GCF.000017945.1
acc161,GCA.004524565.1
acc162,GCA.001829155.1
acc163,GCA.003223145.1
acc164,GCA.001805205.1
acc165,GCA.004298675.1
acc166,GCF.000011705.1
acc167,GCA.001803315.1
acc168,GCF.000745455.1
acc169,GCA.003140855.1
acc170,GCF.000021965.1
acc171,GCA.004377275.1
acc172,GCA.007120035.1
acc173,GCA.002503285.1
acc174,GCF.000012465.1
acc175,GCF.002723915.1
acc176,GCA.002167825.1
acc177,GCA.002715765.1
acc178,GCA.001899315.1
acc179,GCA.001803165.1
acc180,GCA.007119395.1
acc181,GCA.002170535.1
acc182,GCF.000237805.1
acc183,GCF.000235565.1
acc184,GCA.003566475.1
acc185,GCF.000430505.1
acc186,GCA.005191415.1
acc187,GCF.001990485.1
acc188,GCA.002713325.1
acc189,GCF.000014265.1
acc190,GCF.000313915.1
acc191,GCF.900474085.1
acc192,GCA.000252485.1
acc193,GCA.002786715.1
acc194,GCA.002689995.1
acc195,GCA.002495905.1
acc196,GCA.003542955.1
acc197,GCF.001939115.1
acc198,GCA.002450985.1
acc199,GCF.000238815.1
acc200,GCA.002724735.1
acc201,GCF.000317635.1
acc202,GCA.003279655.1
acc203,GCA.002407935.1
acc204,GCF.000025665.1
acc205,GCA.002780005.1
acc206,GCA.003551435.1
acc207,GCF.000014045.1
acc208,GCF.000233775.1
acc209,GCA.002494645.1
acc210,GCF.000175575.2
acc211,GCA.003220475.1
acc212,GCA.002796125.1
acc213,GCA.001767835.1
acc214,GCA.001627235.1
acc215,GCF.001748245.1
acc216,GCA.003649445.1
acc217,GCA.001587575.1
acc218,GCA.001797495.1
acc219,GCF.002926165.1
acc220,GCA.002471705.1
acc221,GCF.006274605.1
acc222,GCA.004758605.1
acc223,GCA.001769805.1
acc224,GCA.003503675.1
acc225,GCA.005223145.1
acc226,GCF.000017685.1
acc227,GCA.002722645.1
acc228,GCF.003353065.1
acc229,GCA.003695705.1
acc230,GCF.001571405.1
acc231,GCA.005239925.1
acc232,GCA.002347855.1
acc233,GCF.001701045.1
acc234,GCF.000166095.1
acc235,GCA.004212735.1
acc236,GCA.002402325.1
acc237,GCF.900129645.1
acc238,GCA.003151475.1
acc239,GCA.002683655.1
acc240,GCF.000219725.1
acc241,GCF.004209775.1
acc242,GCA.002722135.1
acc243,GCA.002162095.1
acc244,GCF.003664005.1
acc245,GCA.002010665.1
acc246,GCF.000092425.1
acc247,GCA.003577165.1
acc248,GCF.000021725.1
acc249,GCA.001771585.1
acc250,GCA.001800075.1
acc251,GCF.000020985.1
acc252,GCA.005110385.1
acc253,GCF.000011185.1
acc254,GCF.000153825.1
acc255,GCF.000183745.1
acc256,GCA.002419025.1
acc257,GCA.000708525.1
acc258,GCA.003650445.1
acc259,GCA.002779605.1
acc260,GCA.002684655.1
acc261,GCA.002787535.1
acc262,GCA.001577055.1
acc263,GCA.002343185.1
acc264,GCF.001458735.1
acc265,GCA.003141835.1
acc266,GCF.001535965.1
acc267,GCF.000011385.1
acc268,GCA.003972855.1
acc269,GCF.000297215.2
acc270,GCA.002010305.1
acc271,GCA.001771535.1
acc272,GCA.002696685.1
acc273,GCF.000025505.1
acc274,GCA.002469845.1
acc275,GCA.002335945.1
acc276,GCA.002683785.1
acc277,GCA.002011745.1
acc278,GCA.002321895.1
acc279,GCA.004296885.1
acc280,GCF.000015665.1
acc281,GCA.001766815.1
acc282,GCA.001627865.1
acc283,GCF.000153805.1
acc284,GCA.003695015.1
acc285,GCA.000802205.2
acc286,GCF.000213255.1
acc287,GCF.002874775.1
acc288,GCA.005799545.1
acc289,GCA.004295085.1
acc290,GCF.004684205.1
acc291,GCA.002011735.1
acc292,GCF.001458695.1
acc293,GCA.003158175.1
acc294,GCF.000017845.1
acc295,GCF.003815035.1
acc296,GCA.002686595.1
acc297,GCF.005818865.1
acc298,GCA.002705055.1
acc299,GCF.002752635.1
acc300,GCA.002753665.1
acc301,GCA.002709075.1
acc302,GCA.004212155.1
acc303,GCA.001567485.1
acc304,GCA.001871685.1
acc305,GCF.000217795.1
acc306,GCA.003242475.1
acc307,GCA.002721445.1
acc308,GCA.001899175.1
acc309,GCA.001767495.1
acc310,GCA.001800095.1
acc311,GCA.002897855.1
acc312,GCA.005888735.1
acc313,GCA.002238925.1
acc314,GCA.002428055.1
acc315,GCA.004295045.1
acc316,GCA.003973265.1
acc317,GCF.000772705.2
acc318,GCF.000758165.1
acc319,GCA.003584625.1
acc320,GCA.002238965.1
acc321,GCA.002771475.1
acc322,GCA.002685535.1
acc323,GCA.002305165.1
acc324,GCA.004195035.1
acc325,GCA.002307015.1
acc326,GCA.008534395.1
acc327,GCA.001897535.1
acc328,GCF.000012625.1
acc329,GCA.003452935.1
acc330,GCF.000063505.1
acc331,GCA.001898225.1
acc332,GCF.000147355.1
acc333,GCA.003223555.1
acc334,GCA.004195045.1
acc335,GCA.001940655.1
acc336,GCF.003633715.1
acc337,GCA.003864475.1
acc338,GCF.003011125.1
acc339,GCA.004298335.1
acc340,GCA.000299365.1
acc341,GCF.000275825.1
acc342,GCA.002753135.1
acc343,GCA.003242515.1
acc344,GCA.001800315.1
acc345,GCF.000204255.1
acc346,GCA.002313895.1
acc347,GCA.001804915.1
acc348,GCF.000341545.2
acc349,GCA.003134215.1
acc350,GCA.003641695.1
acc351,GCA.002787235.1
acc352,GCA.002405835.1
acc353,GCA.003242085.1
acc354,GCF.002754935.1
acc355,GCA.003140235.1
acc356,GCF.000063445.1
acc357,GCA.001464385.1
acc358,GCA.001469005.2
acc359,GCF.000685155.1
acc360,GCF.000015965.1
acc361,GCF.003173035.1
acc362,GCF.001457615.1
acc363,GCF.002211785.1
acc364,GCF.000283655.1
acc365,GCA.001443005.1
acc366,GCA.002687745.1
acc367,GCF.000472805.1
acc368,GCA.002703645.1
acc369,GCF.000010325.1
acc370,GCF.900637395.1
acc371,GCF.000316515.1
acc372,GCA.002787155.1
acc373,GCA.001804165.1
acc374,GCA.002457745.1
acc375,GCA.002305585.1
acc376,GCA.004296785.1
acc377,GCA.003645825.1
acc378,GCA.003154195.1
acc379,GCA.001800135.1
acc380,GCA.003176995.1
acc381,GCF.003044035.1
acc382,GCA.001799575.1
acc383,GCA.002067865.1
acc384,GCA.002498725.1
acc385,GCA.003151115.1
acc386,GCA.002433595.1
acc387,GCA.002238855.1
acc388,GCA.003242895.1
acc389,GCA.003602415.1
acc390,GCF.001180105.1
acc391,GCA.003523055.1
acc392,GCF.000621445.1
acc393,GCA.003251535.1
acc394,GCA.001509335.1
acc395,GCA.002728275.1
acc396,GCA.002733715.1
acc397,GCF.000428885.1
acc398,GCA.002501805.1
acc399,GCA.003235715.1
acc400,GCF.000018585.1
acc401,GCA.003282865.1
acc402,GCF.000828835.1
acc403,GCA.000276965.1
acc404,GCF.000174435.1
acc405,GCA.002387735.1
acc406,GCA.003695915.1
acc407,GCF.000021545.1
acc408,GCF.000012645.1
acc409,GCA.005809105.1
acc410,GCA.002504905.1
acc411,GCA.002685965.1
acc412,GCA.002382445.1
acc413,GCF.900215575.1
acc414,GCA.001818315.1
acc415,GCF.002355835.1
acc416,GCA.002694385.1
acc417,GCA.004366205.1
acc418,GCA.002011165.1
acc419,GCF.002787055.1
acc420,GCF.000024465.1
acc421,GCA.003696905.1
acc422,GCA.001508935.1
acc423,GCA.002426575.1
acc424,GCF.900100655.1
acc425,GCF.000737595.1
acc426,GCF.000010065.1
acc427,GCA.000494145.1
acc428,GCA.003388545.1
acc429,GCA.002753565.1
acc430,GCA.002720095.2
acc431,GCA.002424475.1
acc432,GCA.002717625.1
acc433,GCF.000014145.1
acc434,GCA.002433485.1
acc435,GCA.004297825.1
acc436,GCA.002422425.1
acc437,GCF.003003925.1
acc438,GCF.900142285.1
acc439,GCF.003589585.1
acc440,GCF.003175215.1
acc441,GCA.002378645.1
acc442,GCF.000223395.1
acc443,GCA.003561815.1
acc444,GCF.000220175.1
acc445,GCA.004524535.1
acc446,GCF.002109495.1
acc447,GCA.004297235.1
acc448,GCF.003574355.1
acc449,GCA.003450915.1
acc450,GCF.000243335.1
acc451,GCA.001871125.1
acc452,GCA.002408385.1
acc453,GCA.003140895.1
acc454,GCA.005877775.1
acc455,GCA.002782605.1
acc456,GCA.001769385.1
acc457,GCF.004001325.1
acc458,GCF.000018065.1
acc459,GCA.002701785.1
acc460,GCA.003141555.1
acc461,GCA.002343455.1
acc462,GCA.002753745.1
acc463,GCF.000701365.1
acc464,GCA.003265885.1
acc465,GCA.002452515.1
acc466,GCF.000013205.1
acc467,GCA.001771575.1
acc468,GCA.000015805.1
acc469,GCA.003104975.1
acc470,GCA.005191425.1
acc471,GCF.003386795.1
acc472,GCF.000230735.2
acc473,GCA.006226565.1
acc474,GCA.002432945.1
acc475,GCA.002328865.1
acc476,GCF.001931505.1
acc477,GCA.001803565.1
acc478,GCF.000169335.1
acc479,GCF.001870905.1
acc480,GCF.000012885.1
acc481,GCA.003265975.1
acc482,GCF.000404225.1
acc483,GCA.002450905.1
acc484,GCA.001438605.1
acc485,GCF.000022145.1
acc486,GCA.002898535.1
acc487,GCA.003641555.1
acc488,GCA.002780205.1
acc489,GCA.003233235.1
acc490,GCF.900167005.1
acc491,GCA.003144275.1
acc492,GCA.001872735.1
acc493,GCF.000698785.1
acc494,GCF.001179925.1
acc495,GCA.002841695.1
acc496,GCA.001907975.2
acc497,GCA.003567475.1
acc498,GCA.005877225.1
acc499,GCA.000091165.1
acc500,GCF.000011485.1
acc501,GCF.900102465.1
acc502,GCA.003945285.1
acc503,GCF.000195335.1
acc504,GCA.002686945.1
acc505,GCF.000526375.1
acc506,GCA.007280335.1
acc507,GCF.000299235.1
acc508,GCF.004217665.1
acc509,GCA.000204585.1
acc510,GCA.000200715.1
acc511,GCA.002898395.1
acc512,GCF.002761215.1
acc513,GCA.002686265.1
acc514,GCA.002506515.1
acc515,GCF.000334895.1
acc516,GCA.002500665.1
acc517,GCF.900180345.1
acc518,GCF.000259255.1
acc519,GCF.000167195.1
acc520,GCA.002728195.1
acc521,GCA.003225315.1
